cell,metric,n_id,n_new,d,published,replay,delong_se,ci_low,ci_high,ci_contains_half,abs_auroc_minus_gamma,gaussian_gap,orth_residual,orth_gap,flag
dino_derm,ledoit_wolf,2000,2000,768,0.0155,0.01547975,0.001347162393029919,0.01283931170966136,0.01812018829033864,false,0,0,3.730349362740526e-14,0,
dino_derm,euclidean,2000,2000,768,0.661,0.6610860000000001,0.008658102814772736,0.6441161184830455,0.6780558815169546,false,0,0,,,
dino_path,ledoit_wolf,2000,2000,768,0.2235,0.22347525,0.007154417017050685,0.2094525926465807,0.2374979073534194,false,0,0,2.331468351712829e-14,0,
dino_path,euclidean,2000,2000,768,0.583,0.5828307500000001,0.009048534022891179,0.5650956233151334,0.6005658766848667,false,0,0,,,
clip_derm,ledoit_wolf,2000,2000,512,0.00504,0.0050415,0.0006666875309183013,0.003734792439400129,0.00634820756059987,false,0,0,1.942890293094024e-15,0,
clip_derm,euclidean,2000,2000,512,0.5014,0.50140575,0.009163062866885108,0.4834461467809052,0.5193653532190948,true,0,0,,,
clip_path,ledoit_wolf,2000,2000,512,0.1108,0.11083775,0.005138484461513736,0.1007663204554331,0.1209091795445669,false,0,0,7.882583474838611e-15,0,
clip_path,euclidean,2000,2000,512,0.7568,0.7568189999999999,0.007815226996095522,0.7415011550876527,0.7721368449123471,false,0,0,,,
dino_iwild,ledoit_wolf,2000,2000,768,0.1427,0.14271625,0.005665976659561072,0.1316109357472603,0.1538215642527397,false,0,0,2.753353101070388e-14,0,
dino_iwild,euclidean,2000,2000,768,0.4314,0.4314165,0.009081562333374003,0.4136166378265869,0.449216362173413,false,0,0,,,
