cell,metric,n_half,gamma,delong_se,n_lt_1,n_eq_1,n_gt_1,lambda_min,lambda_max
dino_derm,ledoit_wolf,1000,0.08250899999999999,0.006376211564237177,447,0,321,4.976440182127872e-13,15.70153257569812
dino_derm,euclidean,1000,0.514547,0.01291578526807763,,,,,
dino_path,ledoit_wolf,1000,0.234853,0.0103818400770473,494,0,274,1.035407870553172e-12,33.78757395631386
dino_path,euclidean,1000,0.5027059999999999,0.01292027664861232,,,,,
clip_derm,ledoit_wolf,1000,0.163882,0.008801718491317499,316,0,196,0.003936752136749811,6.63117077497713
clip_derm,euclidean,1000,0.481511,0.012910655319494,,,,,
clip_path,ledoit_wolf,1000,0.242797,0.01052018649577591,314,0,198,0.004251078808703945,11.48082252281074
clip_path,euclidean,1000,0.483411,0.01291792820180647,,,,,
dino_iwild,ledoit_wolf,1000,0.204258,0.01017448185181697,443,0,325,2.256764923107249e-13,14.56245465618457
dino_iwild,euclidean,1000,0.490708,0.01292442324392807,,,,,
