cell,metric,n_fit,n_id_eval,n_new,d,d_over_n_fit,gamma,delong_se,ci_low,ci_high,ci_contains_half,flag
dino_derm,ledoit_wolf,1000,500,500,768,0.768,0.5137200000000001,0.0182813234744083,0.4778886059901598,0.5495513940098403,true,
dino_derm,euclidean,1000,500,500,768,0.768,0.522584,0.01825409553452504,0.486805972752331,0.5583620272476691,true,
dino_path,ledoit_wolf,1000,500,500,768,0.768,0.5048360000000001,0.01828728361183802,0.4689929241207975,0.5406790758792026,true,
dino_path,euclidean,1000,500,500,768,0.768,0.5190360000000001,0.01828751610543688,0.4831924684333438,0.5548795315666564,true,
clip_derm,ledoit_wolf,1000,500,500,512,0.512,0.5029720000000001,0.01828352162988249,0.4671362976054304,0.5388077023945698,true,
clip_derm,euclidean,1000,500,500,512,0.512,0.511348,0.01828027692988447,0.4755186572174265,0.5471773427825736,true,
clip_path,ledoit_wolf,1000,500,500,512,0.512,0.5175599999999999,0.01827869818161099,0.4817337515640424,0.5533862484359574,true,
clip_path,euclidean,1000,500,500,512,0.512,0.5349919999999999,0.01822835158062005,0.4992644309019846,0.5707195690980152,true,
dino_iwild,ledoit_wolf,1000,500,500,768,0.768,0.5164359999999999,0.01826580869138568,0.480635014964884,0.5522369850351159,true,
dino_iwild,euclidean,1000,500,500,768,0.768,0.498116,0.01828543958393003,0.4622765384154972,0.5339554615845028,true,
