cell,t,gamma,endpoint_lw,endpoint_euclid,n_crossings,crossing_is_a_side_change,flag
dino_derm,0,0.01547975,0,0,1,true,
dino_derm,0.05,0.05000825,0,0,1,true,
dino_derm,0.1,0.073417,0,0,1,true,
dino_derm,0.15,0.09134025,0,0,1,true,
dino_derm,0.2,0.10660225,0,0,1,true,
dino_derm,0.25,0.12012775,0,0,1,true,
dino_derm,0.3,0.1325795,0,0,1,true,
dino_derm,0.35,0.14438025,0,0,1,true,
dino_derm,0.4,0.1558115,0,0,1,true,
dino_derm,0.45,0.1671785,0,0,1,true,
dino_derm,0.5,0.17875475,0,0,1,true,
dino_derm,0.55,0.19063825,0,0,1,true,
dino_derm,0.6,0.203147,0,0,1,true,
dino_derm,0.65,0.2166355,0,0,1,true,
dino_derm,0.7,0.23177475,0,0,1,true,
dino_derm,0.75,0.249175,0,0,1,true,
dino_derm,0.8,0.2699,0,0,1,true,
dino_derm,0.85,0.296581,0,0,1,true,
dino_derm,0.9,0.33486475,0,0,1,true,
dino_derm,0.95,0.4023807499999999,0,0,1,true,
dino_derm,1,0.6610860000000001,0,0,1,true,
dino_path,0,0.22347525,0,0,1,true,
dino_path,0.05,0.291675,0,0,1,true,
dino_path,0.1,0.31836425,0,0,1,true,
dino_path,0.15,0.33550325,0,0,1,true,
dino_path,0.2,0.34831975,0,0,1,true,
dino_path,0.25,0.3589515,0,0,1,true,
dino_path,0.3,0.36807725,0,0,1,true,
dino_path,0.35,0.37628075,0,0,1,true,
dino_path,0.4,0.38383225,0,0,1,true,
dino_path,0.45,0.39114625,0,0,1,true,
dino_path,0.5,0.3982225,0,0,1,true,
dino_path,0.55,0.405336,0,0,1,true,
dino_path,0.6,0.4125057500000001,0,0,1,true,
dino_path,0.65,0.420012,0,0,1,true,
dino_path,0.7,0.4279345,0,0,1,true,
dino_path,0.75,0.43671425,0,0,1,true,
dino_path,0.8,0.44678075,0,0,1,true,
dino_path,0.85,0.459116,0,0,1,true,
dino_path,0.9,0.475546,0,0,1,true,
dino_path,0.95,0.5021012499999999,0,0,1,true,
dino_path,1,0.5828307500000001,0,0,1,true,
clip_derm,0,0.0050415,0,0,1,false,
clip_derm,0.05,0.01461725,0,0,1,false,
clip_derm,0.1,0.02245,0,0,1,false,
clip_derm,0.15,0.02934775,0,0,1,false,
clip_derm,0.2,0.03596974999999999,0,0,1,false,
clip_derm,0.25,0.04229,0,0,1,false,
clip_derm,0.3,0.04851824999999999,0,0,1,false,
clip_derm,0.35,0.05486125,0,0,1,false,
clip_derm,0.4,0.06133624999999999,0,0,1,false,
clip_derm,0.45,0.06806975,0,0,1,false,
clip_derm,0.5,0.07522325000000001,0,0,1,false,
clip_derm,0.55,0.08312199999999999,0,0,1,false,
clip_derm,0.6,0.09185199999999999,0,0,1,false,
clip_derm,0.65,0.10171625,0,0,1,false,
clip_derm,0.7,0.11318075,0,0,1,false,
clip_derm,0.75,0.12703225,0,0,1,false,
clip_derm,0.8,0.1445455,0,0,1,false,
clip_derm,0.85,0.16813575,0,0,1,false,
clip_derm,0.9,0.2035835,0,0,1,false,
clip_derm,0.95,0.26920075,0,0,1,false,
clip_derm,1,0.50140575,0,0,1,false,
clip_path,0,0.11083775,0,0,1,true,
clip_path,0.05,0.188737,0,0,1,true,
clip_path,0.1,0.21726525,0,0,1,true,
clip_path,0.15,0.23691775,0,0,1,true,
clip_path,0.2,0.252608,0,0,1,true,
clip_path,0.25,0.2661105,0,0,1,true,
clip_path,0.3,0.278325,0,0,1,true,
clip_path,0.35,0.2895855000000001,0,0,1,true,
clip_path,0.4,0.300432,0,0,1,true,
clip_path,0.45,0.31109425,0,0,1,true,
clip_path,0.5,0.321729,0,0,1,true,
clip_path,0.55,0.3325645,0,0,1,true,
clip_path,0.6,0.34393075,0,0,1,true,
clip_path,0.65,0.3560605,0,0,1,true,
clip_path,0.7,0.36920375,0,0,1,true,
clip_path,0.75,0.384074,0,0,1,true,
clip_path,0.8,0.401433,0,0,1,true,
clip_path,0.85,0.4230437500000001,0,0,1,true,
clip_path,0.9,0.4529275,0,0,1,true,
clip_path,0.95,0.50389775,0,0,1,true,
clip_path,1,0.7568189999999999,0,0,1,true,
dino_iwild,0,0.14271625,0,0,0,false,
dino_iwild,0.05,0.189451,0,0,0,false,
dino_iwild,0.1,0.21713025,0,0,0,false,
dino_iwild,0.15,0.237512,0,0,0,false,
dino_iwild,0.2,0.2539355,0,0,0,false,
dino_iwild,0.25,0.2680065,0,0,0,false,
dino_iwild,0.3,0.28039775,0,0,0,false,
dino_iwild,0.35,0.291641,0,0,0,false,
dino_iwild,0.4,0.302037,0,0,0,false,
dino_iwild,0.45,0.311739,0,0,0,false,
dino_iwild,0.5,0.32116625,0,0,0,false,
dino_iwild,0.55,0.3303315,0,0,0,false,
dino_iwild,0.6,0.3393875,0,0,0,false,
dino_iwild,0.65,0.34857075,0,0,0,false,
dino_iwild,0.7,0.357937,0,0,0,false,
dino_iwild,0.75,0.367872,0,0,0,false,
dino_iwild,0.8,0.37851275,0,0,0,false,
dino_iwild,0.85,0.39018825,0,0,0,false,
dino_iwild,0.9,0.403746,0,0,0,false,
dino_iwild,0.95,0.4199215000000001,0,0,0,false,
dino_iwild,1,0.4314165,0,0,0,false,
