cell,metric,trace,sum_lambda_sq,phi,gamma_real,gamma_surrogate,se_real,se_surrogate,phi_minus_surrogate,surrogate_minus_real,surrogate_separated
dino_derm,ledoit_wolf,2327.732125233158,51026.24416052418,6.294931783907506e-07,0.01547975,0,0.001347162393029919,0,6.294931783907506e-07,-0.01547975,true
dino_derm,euclidean,859.0035490580483,27657.64846960412,0.3513530395273032,0.6610860000000001,0.3850750000000001,0.008658102814772736,0.009958109620987901,-0.03372196047269682,-0.276011,true
dino_path,ledoit_wolf,1393.00356041134,14601.97486658824,0.0001820911135620422,0.22347525,5e-07,0.007154417017050685,6.123213770026057e-07,0.0001815911135620422,-0.22347475,true
dino_path,euclidean,414.1481356948412,15954.66937216948,0.9734973936388084,0.5828307500000001,0.9628077500000001,0.009048534022891179,0.003886314241557103,0.01068964363880831,0.379977,true
clip_derm,ledoit_wolf,1657.926529451353,73182.14559417727,0.001418498756075956,0.0050415,0,0.0006666875309183013,0,0.001418498756075956,-0.0050415,true
clip_derm,euclidean,16.16849438213628,10.4936768357998,1,0.50140575,1,0.009163062866885108,0,0,0.49859425,true
clip_path,ledoit_wolf,940.7005804579538,15120.32653906048,0.00766414348440432,0.11083775,0.0001455,0.005138484461513736,0.0001362680785973821,0.00751864348440432,-0.11069225,true
clip_path,euclidean,8.770511583618688,10.95267333068227,1,0.7568189999999999,1,0.007815226996095522,0,0,0.2431810000000001,true
dino_iwild,ledoit_wolf,1470.427239872372,33891.80833390282,0.003816088925380362,0.14271625,0,0.005665976659561072,0,0.003816088925380362,-0.14271625,true
dino_iwild,euclidean,1738.641957161722,150044.9974415014,0.03858409615374078,0.4314165,0.00113025,0.009081562333374003,0.0006284915757334254,0.03745384615374078,-0.43028625,true
