seed,gamma,delong_se,identity_gap
0,0.29304650000000004,0.010147590502262997,0.0
1,0.2851205,0.009956507951441894,0.0
2,0.302462,0.010367880300891955,0.0
3,0.29928449999999995,0.010262661657705027,0.0
4,0.2956645,0.010314742534532018,0.0
5,0.29423749999999993,0.010245985161122047,0.0
6,0.29749000000000003,0.010366310679784597,0.0
7,0.28197300000000003,0.010003320312460302,0.0
8,0.296533,0.010284463803528128,0.0
9,0.291932,0.010123903717409595,0.0
10,0.282282,0.010023748116259114,0.0
11,0.3027955,0.010214520314017483,0.0
12,0.31132449999999995,0.010359391807919803,0.0
13,0.30227649999999995,0.010288551697863682,0.0
14,0.290438,0.010120216231017476,0.0
15,0.2938025,0.01031916519685391,0.0
16,0.29074700000000003,0.010175072352951205,0.0
17,0.28216800000000003,0.009989896315981758,0.0
18,0.2967715,0.010239058205088815,0.0
19,0.28933299999999995,0.010188590901888533,0.0
