cell,metric,seed,gamma,delong_se,null_gamma,null_se,identity_gap
dino_derm,diag,0,0.6252139999999999,0.010114487368421476,0.52036,0.01826165802734833,0.0
dino_derm,diag,1,0.6308914999999999,0.010101276516102348,0.46838,0.018267027535698848,0.0
dino_derm,diag,2,0.6333735,0.010066637040137008,0.53872,0.018208098530714527,0.0
dino_derm,diag,3,0.6303814999999999,0.010106163028903542,0.495172,0.018285044143853887,0.0
dino_derm,diag,4,0.6284514999999999,0.01011508717786365,0.471476,0.018245260006956407,0.0
dino_derm,diag,5,0.6285765,0.010165087141017567,0.525664,0.018259371887868404,0.0
dino_derm,diag,6,0.621355,0.010145623028152868,0.491336,0.018281260059271335,0.0
dino_derm,diag,7,0.624922,0.010136660428630316,0.502124,0.01828996293008731,0.0
dino_derm,diag,8,0.627043,0.01016103551974541,0.48786,0.01829020614650812,0.0
dino_derm,diag,9,0.627955,0.01010476710155315,0.509436,0.01829919256451022,0.0
dino_derm,diag,10,0.6248159999999999,0.010178771126375219,0.523288,0.01825679800981383,0.0
dino_derm,diag,11,0.6297805,0.010081185686058114,0.515384,0.018289356777061276,0.0
dino_derm,diag,12,0.6307944999999999,0.010142068141075789,0.508736,0.018289394224473274,0.0
dino_derm,diag,13,0.627684,0.010130040657436975,0.464528,0.01825409973617863,0.0
dino_derm,diag,14,0.6214925000000001,0.010121715947670503,0.5236759999999999,0.01827144152075837,0.0
dino_derm,diag,15,0.6259624999999999,0.010126722150487552,0.474764,0.018282082767470266,0.0
dino_derm,diag,16,0.6314825,0.010108596520876537,0.49952799999999997,0.0182849914051216,0.0
dino_derm,diag,17,0.626871,0.010131006100835763,0.47436,0.01826779445440683,0.0
dino_derm,diag,18,0.6192365,0.010118877786015152,0.5268039999999999,0.018255173871594987,0.0
dino_derm,diag,19,0.6254185,0.01011316799318326,0.48658000000000007,0.018294306483149305,0.0
dino_derm,sphere_LW,0,0.1595535,0.008067386724916067,0.514416,0.0182807237684671,0.0
dino_derm,sphere_LW,1,0.1662565,0.008173653882975555,0.488032,0.018276897490212485,0.0
dino_derm,sphere_LW,2,0.16529649999999999,0.008199597210295251,0.513248,0.01828137005166549,0.0
dino_derm,sphere_LW,3,0.16723249999999998,0.00821916555512778,0.5005320000000001,0.018284476258512195,0.0
dino_derm,sphere_LW,4,0.164378,0.008200183622764118,0.473352,0.018256547632202913,0.0
dino_derm,sphere_LW,5,0.16325900000000002,0.008034833265723075,0.5198039999999998,0.01830067571975415,0.0
dino_derm,sphere_LW,6,0.157573,0.007884145945210454,0.48787200000000003,0.01827696861154099,0.0
dino_derm,sphere_LW,7,0.1567505,0.007879426812491307,0.49684400000000006,0.0182855050256778,0.0
dino_derm,sphere_LW,8,0.16089699999999998,0.008002153782427131,0.49193200000000004,0.018278727671108542,0.0
dino_derm,sphere_LW,9,0.156713,0.007921738974775142,0.51012,0.018279865024957414,0.0
dino_derm,sphere_LW,10,0.16011799999999998,0.008031085974474257,0.523568,0.018262990531408063,0.0
dino_derm,sphere_LW,11,0.1650445,0.008145473188760537,0.5106040000000001,0.018281926989376415,0.0
dino_derm,sphere_LW,12,0.165311,0.008113604002016512,0.512028,0.018285266495340208,0.0
dino_derm,sphere_LW,13,0.1630525,0.007997902589900657,0.465344,0.01824022923598172,0.0
dino_derm,sphere_LW,14,0.15210449999999998,0.007728300620629949,0.520028,0.018280084020802948,0.0
dino_derm,sphere_LW,15,0.16384349999999998,0.008095526220629713,0.47463599999999995,0.01825100469455645,0.0
dino_derm,sphere_LW,16,0.164666,0.008065649683111064,0.493984,0.018296254502866628,0.0
dino_derm,sphere_LW,17,0.16426,0.008140744886461314,0.46494,0.018225095825143728,0.0
dino_derm,sphere_LW,18,0.153458,0.007913419609073751,0.5238879999999999,0.01825697785244341,0.0
dino_derm,sphere_LW,19,0.157321,0.007869673627932405,0.48950399999999994,0.018300928936419367,0.0
dino_path,diag,0,0.569038,0.01053193310568152,0.519564,0.01828875076173465,0.0
dino_path,diag,1,0.5636905000000001,0.010482538793480123,0.518416,0.018278644300136204,0.0
dino_path,diag,2,0.572309,0.010507475494671261,0.5140840000000001,0.018275080983292297,0.0
dino_path,diag,3,0.5760305000000001,0.010450585769273423,0.525876,0.018263959124510863,0.0
dino_path,diag,4,0.5687595,0.010584138893919565,0.541404,0.01822396985540146,0.0
dino_path,diag,5,0.5716169999999999,0.010493183779446061,0.48018399999999994,0.018273211131766966,0.0
dino_path,diag,6,0.572423,0.0105684579536612,0.465784,0.018265243376621467,0.0
dino_path,diag,7,0.5688350000000001,0.010565440892342294,0.506672,0.018282028848616426,0.0
dino_path,diag,8,0.568337,0.01045473232187166,0.503,0.018296490240213296,0.0
dino_path,diag,9,0.5622809999999999,0.010555733616036072,0.528536,0.018256214436380126,0.0
dino_path,diag,10,0.5672525,0.010547489161022886,0.48005999999999993,0.01826301763746761,0.0
dino_path,diag,11,0.5757315,0.01045909367167736,0.5237719999999999,0.018256076926697777,0.0
dino_path,diag,12,0.5678755000000001,0.010596797022326854,0.46511199999999997,0.018230834662433255,0.0
dino_path,diag,13,0.5690409999999999,0.010567332124489643,0.48956800000000006,0.018281228299002243,0.0
dino_path,diag,14,0.5729434999999999,0.01055089125581233,0.507572,0.018278488820773514,0.0
dino_path,diag,15,0.581674,0.010515780098979608,0.49583599999999994,0.018290763693432213,0.0
dino_path,diag,16,0.5691759999999999,0.010564218769598385,0.480516,0.01827196432616574,0.0
dino_path,diag,17,0.57234,0.010511412029586805,0.47528,0.018262824203714813,0.0
dino_path,diag,18,0.569578,0.010578314826098332,0.5481880000000001,0.01816987361646957,0.0
dino_path,diag,19,0.5772035,0.010547641072217458,0.511436,0.01827702851008108,0.0
dino_path,sphere_LW,0,0.3700755,0.011398615084671913,0.5044160000000001,0.018287316688879174,0.0
dino_path,sphere_LW,1,0.355199,0.011225015402987721,0.515848,0.018290406488731904,0.0
dino_path,sphere_LW,2,0.37473650000000003,0.011421220861941823,0.489604,0.01827595145372952,0.0
dino_path,sphere_LW,3,0.371952,0.011342937450775584,0.5122680000000001,0.018290437088319227,0.0
dino_path,sphere_LW,4,0.3673105,0.011521979742134982,0.53764,0.018244230251642568,0.0
dino_path,sphere_LW,5,0.3637735,0.011308510508206578,0.462048,0.018225094208310793,0.0
dino_path,sphere_LW,6,0.383829,0.011511538514081134,0.46475599999999995,0.018239976407185107,0.0
dino_path,sphere_LW,7,0.3757605,0.011563129406312555,0.500508,0.018285136591898045,0.0
dino_path,sphere_LW,8,0.364107,0.011327939734293052,0.492744,0.018283597834001682,0.0
dino_path,sphere_LW,9,0.3660955,0.01137495406912451,0.519196,0.018287333196693654,0.0
dino_path,sphere_LW,10,0.37194299999999997,0.011445610073230115,0.494704,0.018279624582736145,0.0
dino_path,sphere_LW,11,0.366421,0.011393826663896477,0.52198,0.018275452791914597,0.0
dino_path,sphere_LW,12,0.38048350000000003,0.01147235088781696,0.476124,0.018259844422466073,0.0
dino_path,sphere_LW,13,0.37594150000000004,0.01146269245871657,0.5001479999999999,0.018292855477125874,0.0
dino_path,sphere_LW,14,0.37219749999999996,0.011562677094639364,0.48775999999999997,0.01830123076996164,0.0
dino_path,sphere_LW,15,0.3842765,0.011532711576899772,0.49236,0.01828617559896197,0.0
dino_path,sphere_LW,16,0.381534,0.011509881698535788,0.478992,0.01826380718935951,0.0
dino_path,sphere_LW,17,0.371851,0.011451673549821222,0.48343200000000003,0.018267689028140854,0.0
dino_path,sphere_LW,18,0.3750075,0.011445188943856372,0.534852,0.01823257211025123,0.0
dino_path,sphere_LW,19,0.38517999999999997,0.011608542581104034,0.520204,0.018258859038910554,0.0
clip_derm,diag,0,0.496192,0.010749957394079933,0.505004,0.018277698445288832,0.0
clip_derm,diag,1,0.487378,0.010788206420002168,0.5115559999999999,0.018283877154027458,0.0
clip_derm,diag,2,0.4976345,0.010786889571966685,0.507596,0.018281966626801587,0.0
clip_derm,diag,3,0.500413,0.010773750541399736,0.522404,0.01828061609973723,0.0
clip_derm,diag,4,0.4907935,0.010752562796951828,0.506748,0.018282458986613216,0.0
clip_derm,diag,5,0.4860585,0.010792267633178448,0.51702,0.018291722845300784,0.0
clip_derm,diag,6,0.48406999999999994,0.010740295787923688,0.494092,0.018285416458317494,0.0
clip_derm,diag,7,0.489145,0.010742052596368757,0.46716,0.018248666506309907,0.0
clip_derm,diag,8,0.497515,0.010763023043361953,0.51336,0.01829466564828023,0.0
clip_derm,diag,9,0.49330550000000006,0.01074676983520563,0.521328,0.018261194268069995,0.0
clip_derm,diag,10,0.4907145,0.010737681472714339,0.5046240000000001,0.018281784863946497,0.0
clip_derm,diag,11,0.4907135,0.010749650922740512,0.494068,0.018300445516878337,0.0
clip_derm,diag,12,0.493802,0.01082469202065298,0.5141,0.018275879830178744,0.0
clip_derm,diag,13,0.48768500000000004,0.010748690609629267,0.42544800000000005,0.018065029636719424,0.0
clip_derm,diag,14,0.4844095,0.010700068874033797,0.5251760000000001,0.01824555564233095,0.0
clip_derm,diag,15,0.489519,0.010793580333004909,0.5038440000000001,0.018283094643837268,0.0
clip_derm,diag,16,0.49064300000000005,0.01072836169130431,0.523832,0.01828600610145049,0.0
clip_derm,diag,17,0.4817065,0.010792837698647816,0.49110000000000004,0.018287679087648757,0.0
clip_derm,diag,18,0.4739405,0.010786503969186317,0.49979199999999996,0.018304784216001804,0.0
clip_derm,diag,19,0.48927750000000003,0.01074045719548045,0.494436,0.018281070063355772,0.0
clip_derm,sphere_LW,0,0.0439815,0.003953439488177399,0.49849199999999994,0.01828303131902434,0.0
clip_derm,sphere_LW,1,0.045801,0.003947562356164933,0.507308,0.018284543352110008,0.0
clip_derm,sphere_LW,2,0.044441,0.004009922425999769,0.503284,0.01828183624390334,0.0
clip_derm,sphere_LW,3,0.045415500000000004,0.00405171535487341,0.5316320000000001,0.01824654496364231,0.0
clip_derm,sphere_LW,4,0.0433515,0.003934736461442908,0.499368,0.018283292917409807,0.0
clip_derm,sphere_LW,5,0.044289999999999996,0.004040350388273819,0.49284000000000006,0.018307268987907268,0.0
clip_derm,sphere_LW,6,0.04356100000000001,0.0038183682854785158,0.507396,0.018289555610370902,0.0
clip_derm,sphere_LW,7,0.04277500000000001,0.003898058982935578,0.47462400000000005,0.018273638011856774,0.0
clip_derm,sphere_LW,8,0.042665999999999996,0.0039203659294704775,0.5003759999999999,0.018279745860198027,0.0
clip_derm,sphere_LW,9,0.041482,0.003682968243831878,0.527008,0.01825918671636517,0.0
clip_derm,sphere_LW,10,0.0431105,0.003946475481961147,0.492616,0.01828313902263619,0.0
clip_derm,sphere_LW,11,0.0425385,0.003936634434824636,0.504636,0.01828716946797127,0.0
clip_derm,sphere_LW,12,0.043862500000000006,0.0038721623693302462,0.518736,0.01828826691158182,0.0
clip_derm,sphere_LW,13,0.038013000000000005,0.0035108086074860387,0.431712,0.018103569888544602,0.0
clip_derm,sphere_LW,14,0.03382400000000001,0.003251246482652553,0.523836,0.018271498343579787,0.0
clip_derm,sphere_LW,15,0.046040000000000005,0.004167747340126047,0.49355200000000005,0.01828890300510833,0.0
clip_derm,sphere_LW,16,0.040582499999999994,0.003848399214672411,0.49513200000000007,0.018301012661403895,0.0
clip_derm,sphere_LW,17,0.045417,0.004093419224899239,0.48158,0.018268958264557513,0.0
clip_derm,sphere_LW,18,0.040233000000000005,0.0039024062801128493,0.49310000000000004,0.018306034135539655,0.0
clip_derm,sphere_LW,19,0.038873500000000005,0.003450858837973283,0.474676,0.01826471735055847,0.0
clip_path,diag,0,0.659674,0.0098500214142461,0.534292,0.018235574773465116,0.0
clip_path,diag,1,0.6606810000000001,0.009761494738533483,0.48595199999999994,0.01827304526208756,0.0
clip_path,diag,2,0.6641465000000001,0.009722886941653044,0.520632,0.01827106877586598,0.0
clip_path,diag,3,0.6637280000000001,0.009708258081644525,0.5294,0.018240317825870732,0.0
clip_path,diag,4,0.659663,0.009825446932136961,0.52466,0.018255114461652004,0.0
clip_path,diag,5,0.658207,0.009839601551855063,0.47786399999999996,0.018283844123374485,0.0
clip_path,diag,6,0.6617280000000001,0.009796758169399365,0.47273999999999994,0.01827108498949602,0.0
clip_path,diag,7,0.6571769999999999,0.009854280382373933,0.512424,0.01829340082991262,0.0
clip_path,diag,8,0.6570809999999999,0.009797450543011512,0.48769999999999997,0.0182896812679107,0.0
clip_path,diag,9,0.6555489999999999,0.009828941780662057,0.5155879999999999,0.018274761361770482,0.0
clip_path,diag,10,0.6579365,0.009808340481575592,0.473292,0.018251094208941207,0.0
clip_path,diag,11,0.6605475000000001,0.009786909250676712,0.513416,0.018280720260495344,0.0
clip_path,diag,12,0.6601445,0.009853581466714433,0.45032,0.018163431914642002,0.0
clip_path,diag,13,0.66379,0.009741023330925386,0.501456,0.018282004694433664,0.0
clip_path,diag,14,0.6639660000000001,0.009753957195930049,0.501228,0.01829007725286669,0.0
clip_path,diag,15,0.6641279999999999,0.009800547801377023,0.5216839999999999,0.01827025135966911,0.0
clip_path,diag,16,0.659512,0.009826373017897853,0.485104,0.018271510636449186,0.0
clip_path,diag,17,0.6613034999999999,0.009800119922502487,0.47823200000000005,0.018270466128950794,0.0
clip_path,diag,18,0.6589870000000001,0.009800719909091798,0.5296320000000001,0.018244741914289663,0.0
clip_path,diag,19,0.666393,0.009730079665767239,0.51476,0.01828269201333625,0.0
clip_path,sphere_LW,0,0.21241500000000002,0.009977023398643137,0.518484,0.01828256391380938,0.0
clip_path,sphere_LW,1,0.20398850000000002,0.009675008145923002,0.501248,0.01828958621488807,0.0
clip_path,sphere_LW,2,0.21793800000000002,0.009983593683051458,0.5093799999999999,0.018282180905935558,0.0
clip_path,sphere_LW,3,0.20501499999999998,0.009708351783062528,0.50596,0.01829785431533135,0.0
clip_path,sphere_LW,4,0.21495050000000002,0.009972338275924513,0.532424,0.01825613578728444,0.0
clip_path,sphere_LW,5,0.2073755,0.009694634303853927,0.484188,0.018270290903085445,0.0
clip_path,sphere_LW,6,0.223396,0.009975579220207895,0.47915599999999997,0.018261927681965086,0.0
clip_path,sphere_LW,7,0.2074385,0.009888597640732535,0.503124,0.01831209907249526,0.0
clip_path,sphere_LW,8,0.20601850000000002,0.009634244677127271,0.49147199999999996,0.018290560792173224,0.0
clip_path,sphere_LW,9,0.20908300000000002,0.009746248506393709,0.5043479999999999,0.018288796015686948,0.0
clip_path,sphere_LW,10,0.215262,0.00993342467663548,0.502008,0.018284758914492754,0.0
clip_path,sphere_LW,11,0.2118905,0.009855567631948219,0.525256,0.0182483186107718,0.0
clip_path,sphere_LW,12,0.217005,0.009913492923726591,0.453188,0.018187970286711506,0.0
clip_path,sphere_LW,13,0.217974,0.009931048787595063,0.518992,0.01826338759367477,0.0
clip_path,sphere_LW,14,0.22892200000000001,0.01016693161232529,0.486004,0.018304955359613278,0.0
clip_path,sphere_LW,15,0.21874900000000003,0.010019740929976814,0.508816,0.018283931000790923,0.0
clip_path,sphere_LW,16,0.22245099999999998,0.010034547047525728,0.47017600000000004,0.018246967631677956,0.0
clip_path,sphere_LW,17,0.21206799999999998,0.009888718877858317,0.48318,0.018272727863325015,0.0
clip_path,sphere_LW,18,0.2143265,0.009964182711858843,0.5278879999999999,0.01824654440131551,0.0
clip_path,sphere_LW,19,0.22201300000000002,0.010128509609534425,0.5349919999999999,0.01822774998410297,0.0
dino_iwild,diag,0,0.4381955,0.01153624676745843,0.498548,0.018285295043111206,0.0
dino_iwild,diag,1,0.4268115,0.011464476967883745,0.5220560000000001,0.01828054244052511,0.0
dino_iwild,diag,2,0.43491949999999996,0.011559670086447331,0.494928,0.018282688989790172,0.0
dino_iwild,diag,3,0.432346,0.011508253355557998,0.5276279999999999,0.018252964578275813,0.0
dino_iwild,diag,4,0.4378095,0.011720081299734912,0.506176,0.018290807948442674,0.0
dino_iwild,diag,5,0.424025,0.01142995077176429,0.518772,0.018366200115357417,0.0
dino_iwild,diag,6,0.44014949999999997,0.011560049970348226,0.5245920000000001,0.01827515561546711,0.0
dino_iwild,diag,7,0.4272405,0.011400209946528803,0.5194639999999999,0.018300226211026723,0.0
dino_iwild,diag,8,0.42491700000000004,0.01152204898746907,0.5091559999999999,0.018353402666395943,0.0
dino_iwild,diag,9,0.4310855,0.011541657187220816,0.51728,0.018287244653967645,0.0
dino_iwild,diag,10,0.428688,0.011499171656451887,0.509992,0.018294014695833794,0.0
dino_iwild,diag,11,0.43848400000000004,0.01160579055113412,0.497516,0.018284586820773743,0.0
dino_iwild,diag,12,0.43473649999999997,0.01160327433614859,0.48153599999999996,0.018308706242237027,0.0
dino_iwild,diag,13,0.436821,0.011643998672968087,0.503508,0.018296546093235295,0.0
dino_iwild,diag,14,0.43344299999999997,0.011520918530346938,0.525416,0.018296296913241077,0.0
dino_iwild,diag,15,0.4309385,0.011628639649989855,0.520524,0.018269077373314294,0.0
dino_iwild,diag,16,0.41728999999999994,0.011316093571123773,0.48657999999999996,0.018295118833893717,0.0
dino_iwild,diag,17,0.42511,0.01148038604999865,0.503816,0.018286037923560254,0.0
dino_iwild,diag,18,0.423558,0.011482812225998996,0.493784,0.01828669581591293,0.0
dino_iwild,diag,19,0.4227865,0.011452752525077239,0.5226040000000001,0.018264851226238697,0.0
dino_iwild,sphere_LW,0,0.345028,0.011319228313692389,0.5163520000000001,0.018267147389000368,0.0
dino_iwild,sphere_LW,1,0.3497095,0.011384890107403995,0.5043639999999999,0.018284234095222524,0.0
dino_iwild,sphere_LW,2,0.347761,0.011346712656992662,0.520328,0.01826941774972119,0.0
dino_iwild,sphere_LW,3,0.35785849999999997,0.011514446227116702,0.514752,0.018280773707880022,0.0
dino_iwild,sphere_LW,4,0.34818099999999996,0.011408143194956416,0.524096,0.01827148361142919,0.0
dino_iwild,sphere_LW,5,0.334191,0.011282768826206767,0.502856,0.01828093603458535,0.0
dino_iwild,sphere_LW,6,0.345286,0.011437770125002595,0.49644,0.01829878215775339,0.0
dino_iwild,sphere_LW,7,0.33492,0.011179263042065181,0.502676,0.018287959728686964,0.0
dino_iwild,sphere_LW,8,0.342008,0.01128525570770988,0.5156040000000001,0.018279388085862918,0.0
dino_iwild,sphere_LW,9,0.34830099999999997,0.011395280992420981,0.513396,0.018272456267620515,0.0
dino_iwild,sphere_LW,10,0.3471965,0.01137036601673545,0.491372,0.018278260422483983,0.0
dino_iwild,sphere_LW,11,0.342363,0.011078829114876114,0.47736,0.018288368172716823,0.0
dino_iwild,sphere_LW,12,0.3515005,0.011413198827614653,0.5037999999999999,0.018298133987235683,0.0
dino_iwild,sphere_LW,13,0.3561,0.011412350609790603,0.48429600000000006,0.018269813071713423,0.0
dino_iwild,sphere_LW,14,0.34603200000000006,0.01133813622181062,0.52132,0.018273925662490708,0.0
dino_iwild,sphere_LW,15,0.35056800000000005,0.011425008415715242,0.50198,0.018285841692763986,0.0
dino_iwild,sphere_LW,16,0.34283399999999997,0.011234312142991247,0.48575999999999997,0.018275168430477585,0.0
dino_iwild,sphere_LW,17,0.3356965,0.01118782419270644,0.47893600000000003,0.018281022925821983,0.0
dino_iwild,sphere_LW,18,0.32941200000000004,0.011087095366095102,0.5169159999999999,0.018294251420763085,0.0
dino_iwild,sphere_LW,19,0.3382015,0.011294551357500123,0.5319119999999999,0.01823770634947771,0.0
