cell,cloud,band,mean_d2_share,kurtosis_median,kurtosis_p90
dino_derm,B,bottom_10,0.17007339687090103,1.5699473749191641,2.3312511494417376
dino_derm,B,10_25,0.23526699559583836,1.339626677590589,2.4703471798308922
dino_derm,B,25_50,0.2830684669238523,1.1176116164048158,2.011615045953221
dino_derm,B,top_50,0.3115911406094083,0.6431075186322646,1.272675580281456
dino_derm,X_new,bottom_10,0.19348893009476872,1.224356845630366,2.150563119321831
dino_derm,X_new,10_25,0.26052728513130924,1.1111044504093979,1.6993207634260044
dino_derm,X_new,25_50,0.2913524762677754,0.9306049719285121,1.5617019099434395
dino_derm,X_new,top_50,0.2546313085061466,0.5592969561638332,1.1098660562212417
dino_path,B,bottom_10,0.12376945452321003,12.062246062403975,19.91937591074357
dino_path,B,10_25,0.2033380666220938,10.391756878143582,19.041586419809462
dino_path,B,25_50,0.31592431454953335,7.3725384661277,12.588194719046607
dino_path,B,top_50,0.35696816430516287,3.2484222006406305,6.935148352456644
dino_path,X_new,bottom_10,0.11987107551205575,7.685650972694813,14.002641904434242
dino_path,X_new,10_25,0.20248691578253503,6.029182466202869,11.033424012916797
dino_path,X_new,25_50,0.32208845090015104,4.421169643616767,7.668915190977322
dino_path,X_new,top_50,0.35555355780525827,1.975897626208524,3.992444665108356
clip_derm,B,bottom_10,0.06594197696899524,0.847933177006041,2.264822531927645
clip_derm,B,10_25,0.16812358160960011,0.7447420437143457,1.555022369961152
clip_derm,B,25_50,0.3053505425170595,0.6874575128677658,1.3570682480947516
clip_derm,B,top_50,0.4605838989043452,0.47765889773068704,0.8936048643235968
clip_derm,X_new,bottom_10,0.07866024317185158,1.2186541197381233,2.4039871134350217
clip_derm,X_new,10_25,0.22376025551398926,1.0402204532419166,2.18727552898881
clip_derm,X_new,25_50,0.3445245238910978,0.6923584675473746,1.421973996384263
clip_derm,X_new,top_50,0.3530549774230613,0.3724519922124647,0.8332814427129807
clip_path,B,bottom_10,0.07157546462721807,4.136533130636572,10.379636030737112
clip_path,B,10_25,0.18408222990263837,3.279407608519163,6.74856707961559
clip_path,B,25_50,0.3164195343019258,2.6087341504228285,4.2482212131931325
clip_path,B,top_50,0.42792277116821764,1.3679988902348876,2.8702236510200096
clip_path,X_new,bottom_10,0.07705093287844522,1.4972113066328472,2.8264066524179805
clip_path,X_new,10_25,0.19470937974721053,1.6798673704331506,3.366667568886634
clip_path,X_new,25_50,0.33018186508088904,1.2029141236944945,2.7156825760521675
clip_path,X_new,top_50,0.3980578222934552,0.9102988501983365,1.9007311252466041
dino_iwild,B,bottom_10,0.17619446872133548,2.1477518401928153,3.35097516844235
dino_iwild,B,10_25,0.2487012799642124,1.8333603230934852,2.699675740206657
dino_iwild,B,25_50,0.2892779670182328,1.518517735318786,2.472832203597485
dino_iwild,B,top_50,0.28582628429621937,0.808212962113587,1.457031584468146
dino_iwild,X_new,bottom_10,0.18430585216032894,0.9496017103613941,1.546365541228322
dino_iwild,X_new,10_25,0.2645311542213546,0.7814047368817612,1.3188514300143224
dino_iwild,X_new,25_50,0.2912300529483877,0.6253938587756451,1.1836133248266636
dino_iwild,X_new,top_50,0.25993294066992867,0.3618704109333899,1.072435852499282
