cell,q,method,gamma_mean,gamma_sd
dino_derm,,real,0.15196199999999999,0.0
dino_derm,,full_gaussian,0.0,0.0
dino_derm,0.1,G_low,0.09989390000000001,0.0004329090435645764
dino_derm,0.1,G_high,0.0021114000000000003,0.00017414918891571097
dino_derm,0.1,P_low,0.0997781,0.0002451626806836592
dino_derm,0.25,G_low,0.0377387,0.0006353002912009406
dino_derm,0.25,G_high,0.027244400000000002,0.00023364918146657522
dino_derm,0.25,P_low,0.0367311,0.000564179616788839
dino_derm,0.5,G_low,0.0018378000000000001,7.193927995191503e-05
dino_derm,0.5,G_high,0.0888732,0.00043779990863407033
dino_derm,0.5,P_low,0.0012489,5.060375480139788e-05
dino_path,,real,0.371211,0.0
dino_path,,full_gaussian,0.2738005,0.0
dino_path,0.1,G_low,0.3646338,0.0020168764612638083
dino_path,0.1,G_high,0.2684029,0.004169330706480347
dino_path,0.1,P_low,0.3687578,0.0012266389281284209
dino_path,0.25,G_low,0.3530489,0.0036057497334118912
dino_path,0.25,G_high,0.28993410000000003,0.003161552615409071
dino_path,0.25,P_low,0.3613069,0.0029039699964014606
dino_path,0.5,G_low,0.3191959,0.004290578741848246
dino_path,0.5,G_high,0.3260891,0.002177734520091916
dino_path,0.5,P_low,0.3301093,0.00124859171068849
clip_derm,,real,0.044637,0.0
clip_derm,,full_gaussian,0.0,0.0
clip_derm,0.1,G_low,0.0314763,0.00015256100419176798
clip_derm,0.1,G_high,3e-07,4e-07
clip_derm,0.1,P_low,0.031425,0.00013536727817312292
clip_derm,0.25,G_low,0.011197600000000002,0.00032402768400246345
clip_derm,0.25,G_high,0.0005123,3.618093420573881e-05
clip_derm,0.25,P_low,0.0100901,0.00015507269263155305
clip_derm,0.5,G_low,0.0006904000000000001,8.993408697485066e-05
clip_derm,0.5,G_high,0.008907700000000001,0.00015210575268542626
clip_derm,0.5,P_low,0.0002685,3.129057366044924e-05
clip_path,,real,0.23225,0.0
clip_path,,full_gaussian,0.0192335,0.0
clip_path,0.1,G_low,0.21875399999999998,0.0005513540604729389
clip_path,0.1,G_high,0.0268975,0.0005852290150018198
clip_path,0.1,P_low,0.21934869999999998,0.0003465637892221225
clip_path,0.25,G_low,0.18216290000000002,0.0008920889753830656
clip_path,0.25,G_high,0.07528220000000001,0.0006872114376230913
clip_path,0.25,P_low,0.1823506,0.0007133353629254637
clip_path,0.5,G_low,0.10332539999999998,0.0014073708253335428
clip_path,0.5,G_high,0.1540477,0.00149995168588858
clip_path,0.5,P_low,0.09737080000000001,0.0014813001248902937
dino_iwild,,real,0.3464,0.0
dino_iwild,,full_gaussian,0.091464,0.0
dino_iwild,0.1,G_low,0.31993109999999997,0.0012031168854271758
dino_iwild,0.1,G_high,0.1462618,0.002345395949514715
dino_iwild,0.1,P_low,0.3196249,0.0005363898209324931
dino_iwild,0.25,G_low,0.260774,0.0034651932846523916
dino_iwild,0.25,G_high,0.2545271,0.002184879387975453
dino_iwild,0.25,P_low,0.25778239999999997,0.0010846002673796308
dino_iwild,0.5,G_low,0.13728829999999997,0.003840229740523335
dino_iwild,0.5,G_high,0.31507710000000005,0.0008770481400698661
dino_iwild,0.5,P_low,0.10246809999999999,0.0016626030614671698
